,count,mean,std,min,25%,50%,75%,max
LEO16_Sydney_RSSI_dBm,4.0,-104.36478555609567,5.709893519707442,-109.181222853227,-108.83054361827749,-105.5563540832095,-101.09059602102768,-97.1652112047367
LEO16_Melbourne_RSSI_dBm,4.0,-115.9338308736935,14.590162099680194,-134.991844745669,-123.21266433619999,-113.28500943833049,-106.006175975824,-102.173459872444
LEO23_Sydney_RSSI_dBm,4.0,-125.41872638784426,4.624223633121242,-129.598086029791,-129.201727966834,-125.867339410285,-122.08433783129524,-120.342140701016
LEO23_Melbourne_RSSI_dBm,4.0,-120.50795389440776,5.873097246604823,-128.367738549447,-122.968639732224,-119.496046133501,-117.03536029568475,-114.671984761182
LEO30_Sydney_RSSI_dBm,4.0,-120.64514012818924,4.839079101951397,-126.680467978781,-123.388334455598,-119.997230908324,-117.25403658091525,-115.905630717328
LEO30_Melbourne_RSSI_dBm,4.0,-107.26528572222574,3.621237700629877,-111.543504824944,-109.47090243746725,-107.06979971377899,-104.8641829985375,-103.378038636401
LEO37_Sydney_RSSI_dBm,4.0,-112.46187342856774,9.93950897377396,-126.279899787926,-116.420317477265,-109.21560742514299,-105.25716337644575,-105.136379076059
LEO37_Melbourne_RSSI_dBm,4.0,-120.25779945169975,10.038360990556207,-133.13954503039,-125.4603054091225,-118.751464034682,-113.54895807725924,-110.388724707045
