,count,mean,std,min,25%,50%,75%,max
LEO16_Sydney_SNR_dB,4.0,15.58630532686055,5.709893519707391,10.769868029729,11.12054726467895,14.394736799746848,18.86049486192845,22.7858796782195
LEO16_Melbourne_SNR_dB,4.0,4.017260009262747,14.590162099680134,-15.0407538627126,-3.2615734532437615,6.6660814446255925,13.9449149071321,17.7776310105124
LEO23_Sydney_SNR_dB,4.0,-5.4676355048879675,4.624223633121411,-9.64699514683467,-9.250637083877985,-5.9162485273288,-2.1332469483387824,-0.391049818059599
LEO23_Melbourne_SNR_dB,4.0,-0.5568630114514801,5.873097246605177,-8.4166476664913,-3.017548849267775,0.45504474945543993,2.915730587271735,5.2791061217745
LEO30_Sydney_SNR_dB,4.0,-0.6940492452330076,4.839079101951084,-6.72937709582449,-3.4372435726414152,-0.04614002536776507,2.6970543020406423,4.04546016562799
LEO30_Melbourne_SNR_dB,4.0,12.685805160730741,3.621237700630031,8.40758605801217,10.480188445489242,12.88129116917765,15.08690788441915,16.5730522465555
LEO37_Sydney_SNR_dB,4.0,7.489217454388565,9.939508973774023,-6.32880890496955,3.530773405690895,10.735483457813105,14.693927506510775,14.8147118068976
LEO37_Melbourne_SNR_dB,4.0,-0.3067085687433746,10.038360990556397,-13.1884541474336,-5.5092145261665575,1.1996268482742094,6.402132805697392,9.56236617591168
